{"_timestamp":1.7404002418926551e+09,"_runtime":27.522522,"_step":2,"_wandb":{"runtime":36},"d_loss_batch":1.4169056415557861,"g_loss_batch":0.6016498804092407}